title,authors,year,citations,abstract,url,source,venue
Multi-Granular Attention-Driven Reinforcement Learning Framework for Web Intelligent Enhancement Systems,"Navin Chhibber, Deepak Singh, Anokh Kishore, Nikita Chawla, K. Anguraj",2026,0,"From the past few years, web intelligent enhancement systems increasingly rely on heterogeneous and dynamic web data to deliver personalized, context-aware services. However, traditional machine learning, deep learning, and reinforcement learning models often struggle with semantic understanding, ad",https://arxiv.org/pdf/2606.19690v1,arXiv,['cs.LG']
"ITNet: A Learnable Integral Transform That Subsumes Convolution, Attention, and Recurrence","Ashim Dhor, Rasel Mondal, Pin Yu Chen",2026,0,"Convolutional networks, recurrent networks, and transformers each encode different inductive biases -- locality, sequential memory, and content-dependent pairwise interaction -- and have remained mathematically distinct since their inception. We show that this fragmentation reflects not a fundamenta",https://arxiv.org/pdf/2606.19538v1,arXiv,"['cs.AI', 'cs.LG']"
A Hybrid LSTM--Vision Transformer Architecture for Predicting HRRR Forecast Errors,"David Aaron Evans, Jay C. Rothenberger, Kara J. Sulia, Nick P. Bassill, Chris D. Thorncroft",2026,0,"Forecast errors in high-resolution numerical weather prediction (NWP) systems are often linked to unresolved planetary boundary layer (PBL) processes, convection, terrain-induced circulations, and other vertically structured atmospheric phenomena. Previous work demonstrated that Long Short-Term Memo",https://arxiv.org/pdf/2606.19026v1,arXiv,"['cs.LG', 'cs.AI', 'physics.ao-ph']"
PAIWorld: A 3D-Consistent World Foundation Model for Robotic Manipulation,"Yuhang Huang, Xuan Lv, Junyan Xu, Zhiyuan Yu, Jiazhao Zhang, Ruizhen Hu, Wancheng Feng, Shilong Zou, Hewen Xiao, Ziqiao Zhou, Kaiyun Huang, Zhiyu Peng, Juzhan Xu, Hang Zhao, Chenyang Zhu, Renjiao Yi, Yifei Huang, Douhui Wu, Yan Zhang, Kexu Cheng, Chunhe Song, Yunzhi Xue, Xiuhong Zhang, Leitao Guo, Yunji Chen, Bin Wu, Haibin Yu, Kai Xu",2026,0,"World foundation models (WFMs) are powerful simulators, yet they predominantly operate in a single-view setting and lack the multi-view 3D consistency required for robotic manipulation. While robotic systems rely on multiple cameras (egocentric, eye-to-hand, and wrist-mounted) for policy learning, c",https://arxiv.org/pdf/2606.18375v1,arXiv,['cs.RO']
Gaussian Light Field Splatting: A Physical Prior-Driven Vision Transformer for Unsupervised Low-Light Image Enhancement,"Yuhan Chen, Wenxuan Yu, Guofa Li, Fuchen Li, Kunyang Huang, Yicui Shi, Ying Fang, Wenbo Chu, Keqiang Li",2026,0,"Existing unsupervised low-light image enhancement methods often encounter local exposure imbalance and color distortion under complex non-uniform illumination. In addition, most Vision Transformers lack an explicit mechanism for modeling the physical priors of illumination degradation. To address th",https://arxiv.org/pdf/2606.17985v1,arXiv,['cs.CV']
Deep CSI Feedback for FDD Massive MIMO Systems: A Curvelet Learning Approach,"Mengli Tao, Jiancun Fan, Huiqiang Xie, Kai Xie",2026,0,"Downlink channel state information (CSI) feedback plays a key role in frequency division duplex (FDD) massive multiple-input multiple-output (mMIMO) systems. The growth of antennas in ultra-massive MIMO increases the difficulty and overhead of CSI feedback, which poses significant challenges for con",https://arxiv.org/pdf/2606.17737v1,arXiv,['eess.SP']
ASTEROID: A Spatiotemporal Information Transformer for Forecasting Multi-Step Time Series of Molecular Dynamics,"Kexin Wu, Luonan Chen, Renxiao Wang",2026,0,"Molecular dynamics (MD) simulation is computationally demanding, particularly for large-scale systems requiring long-term analysis. Accurate forecast of the outcomes of a MD simulation is not only an attractive scientific challenge but also has substantial practical value. In this work, we developed",https://arxiv.org/pdf/2606.17668v1,arXiv,"['cs.LG', 'cs.AI', 'q-bio.QM']"
RT-Counter: Real-Time Text-Guided Open-Vocabulary Object Counting,"Hao-Yuan Ma, Li Zhang, Zhiwei Zhu, Jie Gao",2026,0,"Text-guided open-vocabulary object counting (TOOC) aims to count objects belonging to the categories specified by natural language descriptions. Although vision-language pre-trained models have been successful applied to TOOC tasks, they still struggle with fine-grained spatial understanding and rea",https://arxiv.org/pdf/2606.17561v1,arXiv,['cs.CV']
Multi-Adapter PPO: A Cross-Attention Enhanced Wavelength Selection Framework for LIBS Quantitative Analysis,"Hao Li, Man Fung Zhuo",2026,0,Laser-induced breakdown spectroscopy (LIBS) quantitative analysis faces critical challenges in wavelength selection due to high-dimensional spectral data and the fundamental trade-off between prediction accuracy and feature efficiency. This paper presents a novel Multi-Adapter PPO framework that tra,https://arxiv.org/pdf/2606.17476v1,arXiv,['cs.LG']
Bifrost: Hybrid TEE-FHE Inference for Privacy-Preserving Transformer and LLM Serving,"Chenghao Chen, Kailun Qin, Xiaolin Zhang, Chi Zhang, Dawu Gu",2026,0,"Cloud-hosted transformer and large language model (LLM) inference creates a direct confidentiality problem: user prompts may contain sensitive code, business data, personal information, or regulated documents, yet remote serving exposes intermediate state to the cloud software stack and accelerator ",https://arxiv.org/pdf/2606.17421v1,arXiv,['cs.CR']
Attention Alignment Between Humans and Vision-Language Models,"Isaac R. Christian, Udith Haputhanthrige, Hanna Hornfeld, Declan Campbell, Samuel Nastase, Taylor Webb, Michael Graziano",2026,0,"Visual perception depends on top-down goals and bottom-up sensory mechanisms. Vision-language models implement both, allowing us to treat each component as a separable hypothesis about what drives where we look. We compared spatial attention maps from six vision-language models against human fixatio",https://arxiv.org/pdf/2606.17410v1,arXiv,['cs.CV']
Adaptive inference and function vectors in deep transformers,"Ravin Raj, Gautam Reddy",2026,0,"Transformers are widely used as a general-purpose substrate for learning complex correlations between a large collection of coupled variables, but their internal mechanisms have remained mysterious. We introduce a theory of a deep transformer as a mean-field interacting system that implements distri",https://arxiv.org/pdf/2606.16694v1,arXiv,"['cs.LG', 'cs.AI', 'physics.app-ph', 'q-bio.NC']"
Scaling Short-Term Memory of Visuomotor Policies for Long-Horizon Tasks,"Rutav Shah, Rajat Kumar Jenamani, Xiaohan Zhang, Lingfeng Sun, Roberto Martín-Martín, Yuke Zhu, Deva Ramanan, Karl Schmeckpeper",2026,0,"Many robotic tasks require short-term memory, whether it's retrieving an object that's no longer visible or turning off an appliance after a set period. Yet, most visuomotor policies trained via imitation learning rely only on immediate sensory input without using past experiences to guide decisions",https://arxiv.org/pdf/2606.16178v1,arXiv,['cs.RO']
Scaling Adaptive Depth with Norm-Agnostic Residual Networks,"Tomás Figliolia, Beren Millidge",2026,0,"Residual architectures are ubiquitous in deep learning, but they suffer from a subtle structural limitation: the norm of the residual stream can grow rapidly with depth. As a result, updates from later layers become small relative to the accumulated residual state. This reduces their impact on the r",https://arxiv.org/pdf/2606.16112v1,arXiv,"['cs.LG', 'cs.AI']"
Long-Context Modeling via GSS-Transformer Hybrid Architecture with Learnable Mixing,"Kuzey Torlak, Hüseyin Arda Arslan, Anıl Dervişoğlu, Beyza Nur Deniz, Onur Boyar",2026,0,"Modeling long-range dependencies remains a central challenge in natural language processing. Transformer architectures achieve strong performance via self-attention but scale quadratically ($O(N^2)$) with sequence length, while State Space Models (SSMs) scale linearly ($O(N)$) but suffer from a sele",https://arxiv.org/pdf/2606.16093v1,arXiv,"['cs.CL', 'cs.AI']"
SparseCol: A 1320 BTOPS/W Precision-scalable NPU Exploiting Training-free Structured Bit-level Sparsity and Dynamic Dataflow,"Man Shi, Vikram Jain, Weijie Jiang, Chao Fang, Antony Joseph, Wim Dehaene, Marian Verhelst",2026,0,"Bit-serial computation enables sequential processing of data at the bit level, providing several advantages, such as scalable computational precision. This approach has gained significant attention, especially for exploiting bit-level sparsity in AI workloads. While current bit-serial processors lev",https://arxiv.org/pdf/2606.16016v1,arXiv,['eess.SY']
DifFRACT: Diffusion Feature Reconstruction and Attribution for Circuit Tracing,"Artyom Mazur, Nina Konovalova, Aibek Alanov",2026,0,"Mechanistic interpretability seeks to explain neural network behavior by decomposing model computations into interpretable features and circuits. While transcoder-based circuit tracing has recently enabled detailed causal analyses of large language models, multimodal diffusion transformers for image",https://arxiv.org/pdf/2606.15796v1,arXiv,"['cs.CV', 'cs.AI']"
The Reservoir Attention Network: Cross-Pass State in Pretrained Transformers via Content-Addressable Reservoir Injection,Emma Leonhart,2026,0,"A feasibility and dynamics study of the Reservoir Attention Network (RAN), an architecture that injects a fixed, randomly-initialized reservoir into the mid-layer attention of a pretrained transformer to carry state across forward passes. Experiments span GPT-2 (124M, 355M) to Qwen2.5 (0.5B, 1.5B) o",https://arxiv.org/pdf/2606.15678v1,arXiv,"['cs.LG', 'cs.AI']"
MamBOA: State-Space Architecture for Video Recognition,Mustafa Bora Çelik,2026,0,"Fine-grained action recognition demands temporal reasoning that general-purpose architectures address through different cost-accuracy tradeoffs: 3D dense operators couple computation to the input volume, while difference-based methods approximate motion through rigid, hand-crafted subtraction of unc",https://arxiv.org/pdf/2606.15275v1,arXiv,['cs.CV']
Controlled Dynamics Attractor Transformer,"Cheng Zhang, Minnan Luo, Zesheng Yang, Ming Li, Yong-Jin Liu, Qinghua Zheng",2026,0,"Transformer architectures have dramatically advanced representation learning and inference in deep models through self-attention mechanisms. In parallel,associative memory (AM) frameworks map representations onto energy landscapes, offering interpretable retrieval mechanisms. However, their continuo",https://arxiv.org/pdf/2606.15207v1,arXiv,"['cs.LG', 'cs.AI', 'cs.NE']"
A Transformer-Based Mixture-of-Experts Framework for False Data Injection Attack Detection and Localization,"Ruslan Abdulin, Mohammad Rasoul Narimani",2026,0,"False data injection attacks (FDIAs) threaten smart-grid operation by manipulating measurement data and misleading power system state estimation. Although recent data-driven methods have shown promising performance, many existing approaches rely on a single graph-filtering mechanism and therefore st",https://arxiv.org/pdf/2606.15005v1,arXiv,['math.OC']
Causal Object-Centric Models for Planning with Monte Carlo Tree Search,"Rodion Vakhitov, Leonid Ugadiarov, Alexey Skrynnik, Aleksandr Panov",2026,0,"We introduce COMET (Causal Object-centric Model for Efficient Tree search), a model-based reinforcement learning algorithm that performs Monte Carlo Tree Search in a slot-structured latent space. COMET pairs a frozen unsupervised object-centric encoder with a transformer-based world model, in which ",https://arxiv.org/pdf/2606.14418v1,arXiv,"['cs.AI', 'cs.LG', 'cs.RO']"
Spectrum Aware Illumination Estimation Using Multispectral Image,"Hyejin Oh, Woo-Shik Kim, Sangyoon Lee, YungKyung Park, Je-Won Kang",2026,0,"Multispectral (MS) imaging extends beyond conventional RGB imaging by capturing more spectral bands, thereby improving illuminant spectrum estimation (ISE). However, existing methods often fail to fully exploit spectral information, resulting in suboptimal performance under diverse lighting conditio",https://arxiv.org/pdf/2606.14248v1,arXiv,"['eess.IV', 'cs.CV']"
An Attention-based Model for Robust Forecasting with Missing Modality,"Zhitian Zhang, Wenjie Zi, Yunduz Rakhmangulova, Saghar Irandoust, Hossein Hajimirsadeghi, Thibaut Durand",2026,0,"Learning with missing modalities is a fundamental challenge in multimodal robot learning, as real-world robotic systems often operate in environments with incomplete sensor data. Attention-based models are appealing for processing multimodal data because they can handle multiple modalities with a si",https://arxiv.org/pdf/2606.13970v1,arXiv,"['cs.RO', 'cs.LG']"
Point-Wise Geometry-Aware Transformer for Partial-to-Full Point Cloud Registration in Computer-Assisted Surgery,"Siyu Zhou, Zhongliang Jiang",2026,0,"Partial-to-full registration remains challenging due to varying overlap ratios, fluctuating point densities, and the presence of noise. While transformers have shown strong potential for point cloud processing, prior methods typically confine them to global context aggregation, overlooking fine-grai",https://arxiv.org/pdf/2606.13488v1,arXiv,['cs.CV']
On Subquadratic Architectures: From Applications to Principles,"Anamaria-Roberta Hartl, Levente Zólyomi, David Stap, Pieter-Jan Hoedt, Niklas Schmidinger, Lukas Hauzenberger, Sebastian Böck, Günter Klambauer, Sepp Hochreiter",2026,0,"Transformers dominate modern sequence modeling, but their quadratic attention incurs substantial computational cost. Subquadratic architectures offer a scalable alternative. However, it remains unclear which designs yield the most effective sequence models. We compare three leading approaches: xLSTM",https://arxiv.org/pdf/2606.12364v1,arXiv,['cs.LG']
Attention by Synchronization in Coupled Oscillator Networks,"Fabio Pasqualetti, Taosha Guo",2026,0,"We address transformer attention on energy-constrained physical substrates. Softmax attention requires exponentiation and global reduction, operations with high energy cost on von Neumann hardware and no natural physical analog. We show that Kuramoto synchronization dynamics (which arise in electric",https://arxiv.org/pdf/2606.12059v1,arXiv,"['cs.LG', 'cs.NE', 'nlin.AO']"
Phase Transitions in Attention: A Bayesian Theory of Copy Head Emergence,"Itay Lavie, Kirsten Fischer, Andrey Lekov, Frederic Van Maele, Zohar Ringel, Moritz Helias",2026,0,"Attention is the key mechanism underlying in-context learning in transformers, and attention patterns have been observed empirically to emerge abruptly during training. We present a Bayesian theory of feature learning in attention; we then focus on how the copy subcircuit in the first layer of an in",https://arxiv.org/pdf/2606.12058v1,arXiv,"['stat.ML', 'cond-mat.dis-nn', 'cs.LG']"
Vision Transformers for Face Recognition Need More Registers,"Tahar Chettaoui, Guray Ozgur, Eduarda Caldeira, Naser Damer, Fadi Boutros",2026,0,"Recent advances in Vision Transformers (ViTs) for face recognition (FR) have moved beyond the standard CLS-token paradigm. In this paradigm, a special classification token (CLS) is prepended to the patch embeddings and used as a representation of the input for downstream tasks. An alternative approa",https://arxiv.org/pdf/2606.12036v1,arXiv,['cs.CV']
Boltzmann Attention: Learnable Ising Couplings for Cooperative Attention,"Gilhan Kim, Daniel K. Park",2026,0,"Attention mechanisms are central to modern sequence models, yet standard attention computes relevance primarily through individual query--key similarities. Although softmax normalization introduces competition among positions, a standard attention layer does not explicitly parameterize learnable int",https://arxiv.org/pdf/2606.12478v1,arXiv,"['cs.LG', 'cond-mat.stat-mech', 'quant-ph']"
A review on the attention mechanism of deep learning,"Z Niu, G Zhong, H Yu",2021,4097,"… -art attention models proposed in recent years. Toward a better general understanding of attention mechanisms, we define a unified model that is suitable for most attention structures. …",https://www.sciencedirect.com/science/article/pii/S092523122100477X,Google Scholar,"Z Niu, G Zhong, H Yu - Neurocomputing, 2021 - Elsevier"
A general survey on attention mechanisms in deep learning,"G Brauwers, F Frasincar",2021,876,"… In this section, attention mechanisms are explained and categorized according to the presented taxonomy. Section 4 provides an overview of performance measures and methods for …",https://ieeexplore.ieee.org/abstract/document/9609539/,Google Scholar,"G Brauwers, F Frasincar - IEEE transactions on knowledge and …, 2021 - ieeexplore.ieee.org"
Research progress in attention mechanism in deep learning,"JW Liu, J LIU, X LUO",2021,191,"… , attention mechanism is an efficient information selection and widely used in deep learning fields … This survey first briefly introduces the origin of the attention mechanism and defines a …",http://cje.ustb.edu.cn/en/article/doi/10.13374/j.issn2095-9389.2021.01.30.005,Google Scholar,"JW Liu, J LIU, X LUO - Chinese Journal of Engineering, 2021 - cje.ustb.edu.cn"
Attention mechanisms in deep learning: Towards explainable artificial intelligence,"NEH Dehimi, Z Tolba",2024,55,"… In summary, attention mechanisms in deep learning provide transparency and interpretability by focusing on relevant parts of the input data, whereas black box models excel at …",https://ieeexplore.ieee.org/abstract/document/10541203/,Google Scholar,"NEH Dehimi, Z Tolba - 2024 6th International conference on …, 2024 - ieeexplore.ieee.org"
Attention mechanisms and deep learning for machine vision: A survey of the state of the art,"AM Hafiz, SA Parah, RUA Bhat",2021,106,"… In the next sub-section, we turn to another important category of techniques of attention mechanisms and deep learning in machine vision, namely CNN transformer pipelines. …",https://arxiv.org/abs/2106.07550,Google Scholar,"AM Hafiz, SA Parah, RUA Bhat - arXiv preprint arXiv:2106.07550, 2021 - arxiv.org"
Examining attention mechanisms in deep learning models for sentiment analysis,"S Kardakis, I Perikos, F Grivokostopoulou…",2021,109,"… under various deep neural models, training methods and hyperparameters. Even though attention mechanisms are a powerful recent concept in the field of deep learning, their exact …",https://www.mdpi.com/2076-3417/11/9/3883,Google Scholar,"S Kardakis, I Perikos, F Grivokostopoulou… - Applied Sciences, 2021 - mdpi.com"
Effect of attention mechanism in deep learning-based remote sensing image processing: A systematic literature review,"S Ghaffarian, J Valente, M Van Der Voort…",2021,251,"… with an embedded attention mechanism for RS image … of attention mechanism in the performance of deep learning-… in publications, using attention mechanism-based DL (At-DL) …",https://www.mdpi.com/2072-4292/13/15/2965,Google Scholar,"S Ghaffarian, J Valente, M Van Der Voort… - Remote Sensing, 2021 - mdpi.com"
Deep learning attention mechanism in medical image analysis: Basics and beyonds,"X Li, M Li, P Yan, G Li, Y Jiang, H Luo…",2023,360,… mechanism is a research hotspot and has achieved state-of-the-art results in many medical image tasks. This paper reviews the deep learning attention … of the attention mechanism. For …,https://www.sciltp.com/journals/ijndi/article/view/173,Google Scholar,"X Li, M Li, P Yan, G Li, Y Jiang, H Luo… - International Journal of …, 2023 - sciltp.com"
Enhancing Explainability in Deep Learning Models Using Hybrid Attention Mechanisms,"S Banerjee, SK Parisa",2024,40,… The increasing complexity of deep learning models has raised concerns about their interpretability and transparency. This paper introduces a novel hybrid attention mechanism that …,https://www.researchgate.net/profile/Somnath-Banerjee-13/publication/391460958_Enhancing_Explainability_in_Deep_Learning_Models_Using_Hybrid_Attention_Mechanisms/links/68197a39bd3f1930dd6ca381/Enhancing-Explainability-in-Deep-Learning-Models-Using-Hybrid-Attention-Mechanisms.pdf,Google Scholar,"S Banerjee, SK Parisa - American Journal of AI & Innovation, 2024 - researchgate.net"
Deep learning-based identification of maize leaf diseases is improved by an attention mechanism: Self-attention,"X Qian, C Zhang, L Chen, K Li",2022,109,"… The attention mechanism of this article will be based on these tokens to identify those … with our model based on the attention mechanism, and they both prefer critical information. …",https://www.frontiersin.org/journals/plant-science/articles/10.3389/fpls.2022.864486/full,Google Scholar,"X Qian, C Zhang, L Chen, K Li - Frontiers in plant science, 2022 - frontiersin.org"
A review on speech emotion recognition using deep learning and attention mechanism,"E Lieskovská, M Jakubec, R Jarina, M Chmulík",2021,282,"… To the best of the authors’ knowledge, none of the other reviews or surveys (listed in Table 2) deal with attention mechanism in more detail; hence, we consider it to be our main …",https://www.mdpi.com/2079-9292/10/10/1163,Google Scholar,"E Lieskovská, M Jakubec, R Jarina, M Chmulík - Electronics, 2021 - mdpi.com"
End-to-end deep learning architecture for continuous blood pressure estimation using attention mechanism,"H Eom, D Lee, S Han, YS Hariyani, Y Lim, I Sohn…",2020,166,"… -end deep learning architecture … attention mechanism. The proposed model consisted of a convolutional neural network, a bidirectional gated recurrent unit, and an attention mechanism…",https://www.mdpi.com/1424-8220/20/8/2338,Google Scholar,"H Eom, D Lee, S Han, YS Hariyani, Y Lim, I Sohn… - Sensors, 2020 - mdpi.com"
Deep learning based mineral image classification combined with visual attention mechanism,"Y Liu, Z Zhang, X Liu, W Lei, X Xia",2021,61,"… application potentials of the deep learning-based ore sorting … the visual attention mechanism in the deep learningbased … After that, we embedded four visual attention modules into …",https://ieeexplore.ieee.org/abstract/document/9475982/,Google Scholar,"Y Liu, Z Zhang, X Liu, W Lei, X Xia - Ieee Access, 2021 - ieeexplore.ieee.org"
A novel deep learning method based on attention mechanism for bearing remaining useful life prediction,"Y Chen, G Peng, Z Zhu, S Li",2020,460,"Rolling bearing is a key component in rotation machine, whose remaining useful life (RUL) prediction is an essential issue of constructing condition-based maintenance (CBM) system. …",https://www.sciencedirect.com/science/article/pii/S1568494619307008,Google Scholar,"Y Chen, G Peng, Z Zhu, S Li - Applied Soft Computing, 2020 - Elsevier"
A deep learning method based on an attention mechanism for wireless network traffic prediction,"M Li, Y Wang, Z Wang, H Zheng",2020,161,"… In this paper, a spatio-temporal convolutional network (LA-ResNet) is presented that uses an attention mechanism to solve spatio-temporal modeling and predict wireless network traffic. …",https://www.sciencedirect.com/science/article/pii/S1570870519310923,Google Scholar,"M Li, Y Wang, Z Wang, H Zheng - Ad Hoc Networks, 2020 - Elsevier"
Brain tumor segmentation based on deep learning and an attention mechanism using MRI multi-modalities brain images,"R Ranjbarzadeh, A Bagherian Kasgari…",2021,770,"… Adding an attention mechanism to a two-route model without using the preprocessing … only using an attention mechanism. In other words, the proposed attention mechanism can be …",https://www.nature.com/articles/s41598-021-90428-8,Google Scholar,"R Ranjbarzadeh, A Bagherian Kasgari… - Scientific reports, 2021 - nature.com"
Parallel deep learning algorithms with hybrid attention mechanism for image segmentation of lung tumors,"H Hu, Q Li, Y Zhao, Y Zhang",2020,130,"… deep learning algorithm with hybrid attention mechanism for … Then, images were input into hybrid attention mechanism and … hybrid attention mechanism consisted of a spatial attention …",https://ieeexplore.ieee.org/abstract/document/9190051/,Google Scholar,"H Hu, Q Li, Y Zhao, Y Zhang - IEEE Transactions on Industrial …, 2020 - ieeexplore.ieee.org"
Developing a wind power forecasting system based on deep learning with attention mechanism,"C Tian, T Niu, W Wei",2022,111,"… A dual-stage self-attention mechanism is proposed in the self-attention module to determine the … A deep learning model is used with the optimization module, built into the forecasting …",https://www.sciencedirect.com/science/article/pii/S036054422201653X,Google Scholar,"C Tian, T Niu, W Wei - Energy, 2022 - Elsevier"
Improving deep learning-based plant disease classification with attention mechanism,"P Alirezazadeh, M Schirrmann, F Stolzenburg",2023,169,… a huge deep learning model with … attention module for learning representations of plant diseases in classification performance. We show the effectiveness of the attention mechanism to …,https://link.springer.com/article/10.1007/s10343-022-00796-y,Google Scholar,"P Alirezazadeh, M Schirrmann, F Stolzenburg - Gesunde Pflanzen, 2023 - Springer"
Interpretable deep learning model for building energy consumption prediction based on attention mechanism,"Y Gao, Y Ruan",2021,143,… Attention based on hidden layer states and feature-based attention improves the interpretability of the deep learning … The visualization of the model attention weights improves the …,https://www.sciencedirect.com/science/article/pii/S0378778821006630,Google Scholar,"Y Gao, Y Ruan - Energy and Buildings, 2021 - Elsevier"
Short-term wind power forecasting based on attention mechanism and deep learning,"B Xiong, L Lou, X Meng, X Wang, H Ma…",2022,216,"… The Attention Mechanism is utilized to dynamically assign the weight of physical attribute data, which effectively deals with the model's failure to distinguish the difference in importance …",https://www.sciencedirect.com/science/article/pii/S0378779622000062,Google Scholar,"B Xiong, L Lou, X Meng, X Wang, H Ma… - Electric Power Systems …, 2022 - Elsevier"
On the effect of the attention mechanism for automatic welding defects detection based on deep learning,"X Wang, S D'Avella, Z Liang, B Zhang, J Wu…",2025,45,"… However, the solo effect of the attention mechanism on the automatic welding defects … attention mechanisms, including channel attention mechanism and spatial attention mechanism, …",https://www.sciencedirect.com/science/article/pii/S0957417425000089,Google Scholar,"X Wang, S D'Avella, Z Liang, B Zhang, J Wu… - Expert Systems with …, 2025 - Elsevier"
Human activity recognition using attention-mechanism-based deep learning feature combination,"M Akter, S Ansary, MAM Khan, D Kim",2023,93,"… This study introduces a DL model that incorporates an attention mechanism to extract more sophisticated features, leading to increased accuracy. Instead of utilizing complex signal …",https://www.mdpi.com/1424-8220/23/12/5715,Google Scholar,"M Akter, S Ansary, MAM Khan, D Kim - Sensors, 2023 - mdpi.com"
DCAMCP: A deep learning model based on capsule network and attention mechanism for molecular carcinogenicity prediction,"Z Chen, L Zhang, J Sun, R Meng…",2023,125,"… In this study, we construct a deep learning model based on capsule network and attention mechanism named DCAMCP to discriminate between carcinogenic and non-carcinogenic …",https://onlinelibrary.wiley.com/doi/abs/10.1111/jcmm.17889,Google Scholar,"Z Chen, L Zhang, J Sun, R Meng… - Journal of cellular and …, 2023 - Wiley Online Library"
Exploration of attention mechanism-enhanced deep learning models in the mining of medical textual data,"L Xiao, M Li, Y Feng, M Wang, Z Zhu…",2024,40,"… First, we will introduce the principles of attention mechanisms and how they can be applied to deep learning models. Then, we discuss how to apply attention mechanism to medical text …",https://ieeexplore.ieee.org/abstract/document/10729303/,Google Scholar,"L Xiao, M Li, Y Feng, M Wang, Z Zhu… - 2024 IEEE 2nd …, 2024 - ieeexplore.ieee.org"
Attention Mechanism and Transformers,"B Ghojogh, A Ghodsi",2026,162,"… This chapter explores the attention mechanism in machine learning, a … Attention enables models to assign varying levels of … The chapter begins by introducing the attention mechanism …",https://link.springer.com/chapter/10.1007/978-3-032-10738-1_9,Google Scholar,"B Ghojogh, A Ghodsi - Elements of Deep Learning, 2026 - Springer"
A hierarchical intrusion detection model combining multiple deep learning models with attention mechanism,"H Xu, L Sun, G Fan, W Li, G Kuang",2023,65,… The limitation of this method is low training efficiency and poor learning ability. This … attention mechanism and LSTM network. This method uses the advantages of attention mechanism …,https://ieeexplore.ieee.org/abstract/document/10168116/,Google Scholar,"H Xu, L Sun, G Fan, W Li, G Kuang - IEEE Access, 2023 - ieeexplore.ieee.org"
A novel deep learning prediction model for concrete dam displacements using interpretable mixed attention mechanism,"Q Ren, M Li, H Li, Y Shen",2021,151,"… proposes an interpretable mixed attention mechanism long short-term … In the encoder stage, a factor attention mechanism is … In the decoder stage, a temporal attention mechanism is …",https://www.sciencedirect.com/science/article/pii/S1474034621001592,Google Scholar,"Q Ren, M Li, H Li, Y Shen - Advanced Engineering Informatics, 2021 - Elsevier"
"A deep learning framework under attention mechanism for wheat yield estimation using remotely sensed indices in the Guanzhong Plain, PR China","H Tian, P Wang, K Tansey, D Han, J Zhang…",2021,132,"… with an attention mechanism (ALSTM), which the main idea is to assign attention to the key … In conclusion, our findings highlighted that the attention mechanism helped to improve the …",https://www.sciencedirect.com/science/article/pii/S0303243421000829,Google Scholar,"H Tian, P Wang, K Tansey, D Han, J Zhang… - International Journal of …, 2021 - Elsevier"
A comparative study of attention mechanism based deep learning methods for bladder tumor segmentation,"Q Zhang, Y Liang, Y Zhang, Z Tao, R Li, H Bi",2023,38,"… of various attention modules for improving … attention mechanism based cystoscopic images segmentation (ACS) model, which was featured by the following points: (1) A mixed attention …",https://www.sciencedirect.com/science/article/pii/S1386505623000011,Google Scholar,"Q Zhang, Y Liang, Y Zhang, Z Tao, R Li, H Bi - International Journal of …, 2023 - Elsevier"
A deep learning semantic segmentation network with attention mechanism for concrete crack detection,"J Hang, Y Wu, Y Li, T Lai, J Zhang…",2023,51,"… To solve these problems, this research designs a novel model combining FCN and two attention mechanism modules to aggregate rich contextual information for automatic concrete …",https://journals.sagepub.com/doi/abs/10.1177/14759217221126170,Google Scholar,"J Hang, Y Wu, Y Li, T Lai, J Zhang… - Structural Health …, 2023 - journals.sagepub.com"
HyperAttentionDTI: improving drug–protein interaction prediction by sequence-based deep learning with attention mechanism,"Q Zhao, H Zhao, K Zheng, J Wang",2022,310,"… We use deep CNNs to learn the feature matrices of drugs and proteins. To model complex … , we utilize the attention mechanism on the feature matrices and assign an attention vector to …",https://academic.oup.com/bioinformatics/article-abstract/38/3/655/6401997,Google Scholar,"Q Zhao, H Zhao, K Zheng, J Wang - Bioinformatics, 2022 - academic.oup.com"
AttentionDTA: Drug–target binding affinity prediction by sequence-based deep learning with attention mechanism,"Q Zhao, G Duan, M Yang, Z Cheng…",2022,130,"… a deep learning-based model, named AttentionDTA, which uses attention mechanism to … novelty of our work is to use attention mechanism to focus on key subsequences which are …",https://ieeexplore.ieee.org/abstract/document/9763375/,Google Scholar,"Q Zhao, G Duan, M Yang, Z Cheng… - … /ACM transactions on …, 2022 - ieeexplore.ieee.org"
Classification of multi-differentiated liver cancer pathological images based on deep learning attention mechanism,"C Chen, C Chen, M Ma, X Ma, X Lv, X Dong…",2022,62,"… a deep learning model for histopathological image classification. Therefore, this paper adds … visual attention mechanism to the deep learning model. The attention mechanism increases …",https://link.springer.com/article/10.1186/s12911-022-01919-1,Google Scholar,"C Chen, C Chen, M Ma, X Ma, X Lv, X Dong… - BMC Medical Informatics …, 2022 - Springer"
A comparative evaluation of deep learning architectures for prostate cancer segmentation: introducing trionixnet with n-core multi-attention mechanism,"Y Narayan, DP Singh, T Banerjee, P Kour…",2026,40,"… , a novel tri-modular deep learning architecture tailored for … a dynamic channel attention mechanism applied throughout the … the novel N-Core Attention mechanism, a generalized multi-…",https://link.springer.com/article/10.1007/s11831-025-10411-8,Google Scholar,"Y Narayan, DP Singh, T Banerjee, P Kour… - … Methods in Engineering, 2026 - Springer"
A novel deep-learning method with channel attention mechanism for underwater target recognition,"L Xue, X Zeng, A Jin",2022,55,"… This paper proposes deep learning with a channel attention mechanism approach for … the deep abstraction spectral features of the targets. Then, the channel attention mechanism is …",https://www.mdpi.com/1424-8220/22/15/5492,Google Scholar,"L Xue, X Zeng, A Jin - Sensors, 2022 - mdpi.com"
A deep learning approach using attention mechanism and transfer learning for electromyographic hand gesture estimation,"Y Wang, P Zhao, Z Zhang",2023,53,"… Therefore, a deep learning model using attention mechanism and transfer learning for electromyographic hand gesture estimation is proposed in this study. The proposed model …",https://www.sciencedirect.com/science/article/pii/S0957417423015579,Google Scholar,"Y Wang, P Zhao, Z Zhang - Expert Systems with Applications, 2023 - Elsevier"
Use of deep learning model with attention mechanism for software fault prediction,"TY Yu, CY Huang, NC Fang",2021,26,"… , we constructed a deep learning model called Defect Prediction via Self-Attention mechanism (… With input features, we trained a self-attention mechanism to extract semantic features of …",https://ieeexplore.ieee.org/abstract/document/9622921/,Google Scholar,"TY Yu, CY Huang, NC Fang - 2021 8th international conference …, 2021 - ieeexplore.ieee.org"
A self-interpretable soft sensor based on deep learning and multiple attention mechanism: From data selection to sensor modeling,"R Guo, H Liu, G Xie, Y Zhang…",2022,121,"… called the deep multiple attention soft sensor (… attention mechanism and time lag attention mechanism are proposed. When DMASS’s training is completed, the obtained attention …",https://ieeexplore.ieee.org/abstract/document/9794453/,Google Scholar,"R Guo, H Liu, G Xie, Y Zhang… - IEEE Transactions on …, 2022 - ieeexplore.ieee.org"
A robust CSI-based Wi-Fi passive sensing method using attention mechanism deep learning,"Z He, X Zhang, Y Wang, Y Lin, G Gui…",2023,74,"… of convolutional neural networks (CNN) and attention-based bi-directional long short term … by machine learning (ML) algorithms. Thirdly, we introduce attention mechanism to deal with …",https://ieeexplore.ieee.org/abstract/document/10123930/,Google Scholar,"Z He, X Zhang, Y Wang, Y Lin, G Gui… - IEEE Internet of Things …, 2023 - ieeexplore.ieee.org"
"Attention, please! A survey of neural attention models in deep learning","A de Santana Correia, EL Colombini",2022,407,"… In humans, Attention is a core property … , attention mechanisms select, modulate, and focus on the information most relevant to behavior. For decades, concepts and functions of attention …",https://link.springer.com/article/10.1007/s10462-022-10148-x,Google Scholar,"A de Santana Correia, EL Colombini - Artificial Intelligence Review, 2022 - Springer"
An innovative deep learning framework for skin cancer detection employing ConvNeXtV2 and focal self-attention mechanisms,"B Ozdemir, I Pacal",2025,110,"… Deep learning has emerged as a powerful tool, capable of … and focal self-attention mechanisms, addressing challenges … , while focal self-attention in the subsequent stages enhances …",https://www.sciencedirect.com/science/article/pii/S2590123024019352,Google Scholar,"B Ozdemir, I Pacal - Results in Engineering, 2025 - Elsevier"
Optimized deep learning for brain tumor detection: a hybrid approach with attention mechanisms and clinical explainability,"AJ Aiya, N Wani, M Ramani, A Kumar, S Pant…",2025,26,"… In this study, we propose a hybrid deep learning (DL) model that integrates VGG16, an attention mechanism, and optimized hyperparameters to classify brain tumors into different …",https://www.nature.com/articles/s41598-025-04591-3,Google Scholar,"AJ Aiya, N Wani, M Ramani, A Kumar, S Pant… - Scientific Reports, 2025 - nature.com"
Visual attention methods in deep learning: An in-depth survey,"M Hassanin, S Anwar, I Radwan, FS Khan, A Mian",2024,405,"… the strengths and limitations of each attention category, describe their fundamental … attention mechanisms. Finally, we recommend possible future research directions for deep attention…",https://www.sciencedirect.com/science/article/pii/S1566253524001957,Google Scholar,"M Hassanin, S Anwar, I Radwan, FS Khan, A Mian - Information Fusion, 2024 - Elsevier"
Improving long-term flood forecasting accuracy using ensemble deep learning models and an attention mechanism,"M Kordani, MR Nikoo, M Fooladi…",2024,60,"… In order to achieve this goal, we explore three deep learning … Then, we integrate an attention mechanism (AM) that utilizes … deep-learning models. Additionally, two traditional machine …",https://ascelibrary.org/doi/abs/10.1061/JHYEFF.HEENG-6262,Google Scholar,"M Kordani, MR Nikoo, M Fooladi… - Journal of Hydrologic …, 2024 - ascelibrary.org"
A new deep learning network for automatic bridge detection from SAR images based on balanced and attention mechanism,"L Chen, T Weng, J Xing, Z Pan, Z Yuan, X Xing…",2020,47,"… In this paper, a new deep learning-based network is proposed to identify bridges from SAR … resolution attention and balance network (MABN). It mainly includes three parts, the attention …",https://www.mdpi.com/2072-4292/12/3/441,Google Scholar,"L Chen, T Weng, J Xing, Z Pan, Z Yuan, X Xing… - Remote Sensing, 2020 - mdpi.com"
Limitations of deep learning attention mechanisms in clinical research: empirical case study based on the Korean diabetic disease setting,"J Kim, S Lee, E Hwang, KS Ryu, H Jeong…",2020,40,"… of attention mechanisms. In addition, we aimed to empirically assess the potential limitations of current attention mechanisms … key considerations regarding attention mechanisms were …",https://www.jmir.org/2020/12/e18418/,Google Scholar,"J Kim, S Lee, E Hwang, KS Ryu, H Jeong… - Journal of medical …, 2020 - jmir.org"
Understanding more about human and machine attention in deep neural networks,"Q Lai, S Khan, Y Nie, H Sun, J Shen…",2020,120,"… mechanism known as Human attention. Inspired by this, recent deep learning models encode attention mechanisms … focus on the three neural attention mechanisms above. The reason …",https://ieeexplore.ieee.org/abstract/document/9133499/,Google Scholar,"Q Lai, S Khan, Y Nie, H Sun, J Shen… - IEEE Transactions on …, 2020 - ieeexplore.ieee.org"
Psychological stress detection according to ECG using a deep learning model with attention mechanism,"P Zhang, F Li, L Du, R Zhao, X Chen, T Yang, Z Fang",2021,37,"… of the attention mechanism based on the deep learning model … Memory) As different attention mechanisms can cause the … , this discussion adds attention mechanisms to the CNN layer …",https://www.mdpi.com/2076-3417/11/6/2848,Google Scholar,"P Zhang, F Li, L Du, R Zhao, X Chen, T Yang, Z Fang - Applied Sciences, 2021 - mdpi.com"
Deep learning with an attention mechanism for differentiating the origin of brain metastasis using MR images,"T Jiao, F Li, Y Cui, X Wang, B Li, F Shi…",2023,33,… Our findings may indicate that DL models with an attention mechanism based on MRI data exhibited good performance for identifying the primary tumor in patients with BM properly. …,https://onlinelibrary.wiley.com/doi/abs/10.1002/jmri.28695,Google Scholar,"T Jiao, F Li, Y Cui, X Wang, B Li, F Shi… - Journal of Magnetic …, 2023 - Wiley Online Library"
Focal self-attention for local-global interactions in vision transformers,"J Yang, C Li, P Zhang, X Dai, B Xiao, L Yuan…",2021,702,"… In this paper, we present focal self-attention, a new mechanism that incorporates both … self-attention, we propose a new variant of Vision Transformer models, called Focal Transformer…",https://arxiv.org/abs/2107.00641,Google Scholar,"J Yang, C Li, P Zhang, X Dai, B Xiao, L Yuan… - arXiv preprint arXiv …, 2021 - arxiv.org"
Uniformer: Unifying convolution and self-attention for visual recognition,"K Li, Y Wang, J Zhang, P Gao, G Song…",2023,757,"… transFormer (UniFormer), which can seamlessly integrate the merits of convolution and self-attention in a concise transformer … We take the well-known Vision Transformers (ViTs) in both …",https://ieeexplore.ieee.org/abstract/document/10143709/,Google Scholar,"K Li, Y Wang, J Zhang, P Gao, G Song… - … on Pattern Analysis …, 2023 - ieeexplore.ieee.org"
Lite vision transformer with enhanced self-attention,"C Yang, Y Wang, J Zhang, H Zhang…",2022,205,"… We suspect that the power of their self-attention mechanism is limited in shallower … Vision Transformer (LVT), a novel light-weight transformer network with two enhanced self-attention …",http://openaccess.thecvf.com/content/CVPR2022/html/Yang_Lite_Vision_Transformer_With_Enhanced_Self-Attention_CVPR_2022_paper.html,Google Scholar,"C Yang, Y Wang, J Zhang, H Zhang… - … on computer vision …, 2022 - openaccess.thecvf.com"
Slide-transformer: Hierarchical vision transformer with local self-attention,"X Pan, T Ye, Z Xia, S Song…",2023,167,"… Vision Transformer Transformer and the self-attention mechanism have shown great progress in … [5, 29] and successfully applied to vision tasks thanks to the pioneering work of Vision …",http://openaccess.thecvf.com/content/CVPR2023/html/Pan_Slide-Transformer_Hierarchical_Vision_Transformer_With_Local_Self-Attention_CVPR_2023_paper.html,Google Scholar,"X Pan, T Ye, Z Xia, S Song… - … on computer vision and …, 2023 - openaccess.thecvf.com"
Cas-vit: Convolutional additive self-attention vision transformers for efficient mobile applications,"T Zhang, L Li, Y Zhou, W Liu, C Qian…",2026,151,"… Abstract—Vision Transformers (ViTs) mark a revolutionary … : Convolutional Additive Self-attention Vision Transformers, to … We introduce Convolutional Additive Self-attention(CAS) block …",https://ieeexplore.ieee.org/abstract/document/11363151/,Google Scholar,"T Zhang, L Li, Y Zhou, W Liu, C Qian… - … on Image Processing, 2026 - ieeexplore.ieee.org"
Vision transformer with deformable attention,"Z Xia, X Pan, S Song, LE Li…",2022,1381,"… novel deformable self-attention module, where the positions of key and value pairs in self-attention are selected in a data-dependent way. This flexible scheme enables the self-attention …",https://openaccess.thecvf.com/content/CVPR2022/html/Xia_Vision_Transformer_With_Deformable_Attention_CVPR_2022_paper.html?ref=https://githubhelp.com,Google Scholar,"Z Xia, X Pan, S Song, LE Li… - … on computer vision and …, 2022 - openaccess.thecvf.com"
Elsa: Enhanced local self-attention for vision transformer,"J Zhou, P Wang, F Wang, Q Liu, H Li, R Jin",2021,61,"… , we design a new local self-attention module that surpasses both the LSA in Swin Transformer and dynamic filters. This is accomplished with our enhanced local self-attention (ELSA), …",https://arxiv.org/abs/2112.12786,Google Scholar,"J Zhou, P Wang, F Wang, Q Liu, H Li, R Jin - arXiv preprint arXiv …, 2021 - arxiv.org"
Local-to-global self-attention in vision transformers,"J Li, Y Yan, S Liao, X Yang, L Shao",2021,62,"… in self-attention modules of Vision Transformers and propose a local-to-global multi-path mechanism in self-attention, which we refer to as the LG-Transformer… connected Transformers [2…",https://arxiv.org/abs/2107.04735,Google Scholar,"J Li, Y Yan, S Liao, X Yang, L Shao - arXiv preprint arXiv:2107.04735, 2021 - arxiv.org"
Refiner: Refining self-attention for vision transformers,"D Zhou, Y Shi, B Kang, W Yu, Z Jiang, Y Li…",2021,101,… transformers (BERT) by a large margin. Though refiner is limited to improving diversity of the selfattention … works on understanding and further improving the self-attention mechanism. …,https://arxiv.org/abs/2106.03714,Google Scholar,"D Zhou, Y Shi, B Kang, W Yu, Z Jiang, Y Li… - arXiv preprint arXiv …, 2021 - arxiv.org"
Plg-vit: Vision transformer with parallel local and global self-attention,"N Ebert, D Stricker, O Wasenmüller",2023,44,"… The structure was inspired by the original transformer-encoder block [7,8], but we replaced standard multihead self-attention with a parallel local-global self-attention operation. This …",https://www.mdpi.com/1424-8220/23/7/3447,Google Scholar,"N Ebert, D Stricker, O Wasenmüller - Sensors, 2023 - mdpi.com"
Rethinking the self-attention in vision transformers,"K Kim, B Wu, X Dai, P Zhang, Z Yan…",2021,59,"… Self-attention is a corner stone for transformer models. However, our analysis shows that self-attention in vision transformer … 95% sparsity on the self-attention maps while maintaining …",https://openaccess.thecvf.com/content/CVPR2021W/ECV/html/Kim_Rethinking_the_Self-Attention_in_Vision_Transformers_CVPRW_2021_paper.html,Google Scholar,"K Kim, B Wu, X Dai, P Zhang, Z Yan… - … on computer vision …, 2021 - openaccess.thecvf.com"
Castling-vit: Compressing self-attention via switching towards linear-angular attention at vision transformer inference,"H You, Y Xiong, X Dai, B Wu, P Zhang…",2023,94,"Vision Transformers (ViTs) have shown impressive performance but still require a high computation cost as compared to convolutional neural networks (CNNs), one reason is that ViTs' …",http://openaccess.thecvf.com/content/CVPR2023/html/You_Castling-ViT_Compressing_Self-Attention_via_Switching_Towards_Linear-Angular_Attention_at_Vision_CVPR_2023_paper.html,Google Scholar,"H You, Y Xiong, X Dai, B Wu, P Zhang… - … on computer vision …, 2023 - openaccess.thecvf.com"
"Self-attention in vision transformers performs perceptual grouping, not attention","P Mehrani, JK Tsotsos",2023,58,"… , the purely feed-forward architecture of vision transformers suggests that attention in these … a family of vision transformers. Our results suggest that self-attention modules group figures …",https://www.frontiersin.org/journals/computer-science/articles/10.3389/fcomp.2023.1178450/full,Google Scholar,"P Mehrani, JK Tsotsos - Frontiers in Computer Science, 2023 - frontiersin.org"
PSLT: a light-weight vision transformer with ladder self-attention and progressive shift,"G Wu, WS Zheng, Y Lu, Q Tian",2023,38,"… the global self-attention. In this work, we propose a ladder self-attention block with multiple branches and a progressive shift mechanism to develop a light-weight transformer backbone …",https://ieeexplore.ieee.org/abstract/document/10097573/,Google Scholar,"G Wu, WS Zheng, Y Lu, Q Tian - IEEE transactions on pattern …, 2023 - ieeexplore.ieee.org"
Lightweight vision transformer with spatial and channel enhanced self-attention,"J Zheng, L Yang, Y Li, K Yang…",2023,22,"… As a result, the design of efficient vision transformer models has become the focus … Self-Attention (SCSA) for lightweight vision transformers. Specially, we utilize multi-head self-attention …",https://openaccess.thecvf.com/content/ICCV2023W/RCV/html/Zheng_Lightweight_Vision_Transformer_with_Spatial_and_Channel_Enhanced_Self-Attention_ICCVW_2023_paper.html,Google Scholar,"J Zheng, L Yang, Y Li, K Yang… - … on computer vision, 2023 - openaccess.thecvf.com"
Multi-head self-attention via vision transformer for zero-shot learning,"F Alamri, A Dutta",2021,73,… We argue that self-attention allows our model to attend to image regions that can be semantically relevant for classification and learns the visual features across the entire image. Since …,https://arxiv.org/abs/2108.00045,Google Scholar,"F Alamri, A Dutta - arXiv preprint arXiv:2108.00045, 2021 - arxiv.org"
Separable self-attention for mobile vision transformers,"S Mehta, M Rastegari",2022,682,"… the multi-headed self-attention (MHA) in transformers, which … question: can self-attention in transformer block be optimized … for optimizing the self-attention operation in transformers (not …",https://arxiv.org/abs/2206.02680,Google Scholar,"S Mehta, M Rastegari - arXiv preprint arXiv:2206.02680, 2022 - arxiv.org"
Microvit: A vision transformer with low complexity self attention for edge device,"N Setyawan, CC Sun, MH Hsu…",2025,20,"… vision tasks, but its high computational demands make it impractical for edge devices with limited resources. This paper presents MicroViT, a lightweight Vision Transformer … selfattention …",https://ieeexplore.ieee.org/abstract/document/11043206/,Google Scholar,"N Setyawan, CC Sun, MH Hsu… - … on Circuits and …, 2025 - ieeexplore.ieee.org"
Attention guided CAM: visual explanations of vision transformer guided by self-attention,"S Leem, H Seo",2024,65,… • We propose a gradient-based method applicable to Vision Transformer that fully considers the major structures of the model and provides a reliable high-semantic explanation of the …,https://ojs.aaai.org/index.php/AAAI/article/view/28077,Google Scholar,"S Leem, H Seo - Proceedings of the AAAI conference on artificial …, 2024 - ojs.aaai.org"
On the integration of self-attention and convolution,"X Pan, C Ge, R Lu, S Song, G Chen…",2022,787,"… is mostly adopted in the last stages to replace the original 3×3 convolution [3, 40], and convolutions at early stages are proved to be more effective for vision transformers [49]. …",http://openaccess.thecvf.com/content/CVPR2022/html/Pan_On_the_Integration_of_Self-Attention_and_Convolution_CVPR_2022_paper.html,Google Scholar,"X Pan, C Ge, R Lu, S Song, G Chen… - … on computer vision …, 2022 - openaccess.thecvf.com"
Self-attention as the backbone: A survey on Vision Transformers,"A Waseem, P Ruiu, S Nixon, A Lagorio…",2026,1,"… techniques that improve ViTs through novel self-attention designs or hybrid integrations, … We first outline self-attention and Transformers, then introduce a taxonomy of self-attention …",https://www.sciencedirect.com/science/article/pii/S107731422600158X,Google Scholar,"A Waseem, P Ruiu, S Nixon, A Lagorio… - Computer Vision and …, 2026 - Elsevier"
Flatten transformer: Vision transformer using focused linear attention,"D Han, X Pan, Y Han, S Song…",2023,555,"… of Vision Transformer [11, 39], self-attention techniques have shown great potential in a variety of vision … We first revisit the general form of self-attention in Vision Transformers. Given the …",http://openaccess.thecvf.com/content/ICCV2023/html/Han_FLatten_Transformer_Vision_Transformer_using_Focused_Linear_Attention_ICCV_2023_paper.html,Google Scholar,"D Han, X Pan, Y Han, S Song… - … on computer vision, 2023 - openaccess.thecvf.com"
Efficient brain tumor segmentation using Swin transformer and enhanced local self-attention,"F Ghazouani, P Vera, S Ruan",2024,83,"… In this paper, we mainly explore the effectiveness of the vision Transformer for image segmentation task and propose a novel method for brain tumor segmentation. The method …",https://link.springer.com/article/10.1007/s11548-023-03024-8,Google Scholar,"F Ghazouani, P Vera, S Ruan - International Journal of Computer Assisted …, 2024 - Springer"
Davit: Dual attention vision transformers,"M Ding, B Xiao, N Codella, P Luo, J Wang…",2022,666,"… self-attention mechanism that captures global information but is still efficient concerning the spatial size? In this work, we introduce such a self-attention … ” by applying self-attention to the …",https://link.springer.com/chapter/10.1007/978-3-031-20053-3_5,Google Scholar,"M Ding, B Xiao, N Codella, P Luo, J Wang… - … on computer vision, 2022 - Springer"
Dual vision transformer,"T Yao, Y Li, Y Pan, Y Wang…",2023,221,"… decomposing the global self-attention procedure over … Transformer architecture that elegantly exploits the global semantics for self-attention learning, namely Dual Vision Transformer (…",https://ieeexplore.ieee.org/abstract/document/10105499/,Google Scholar,"T Yao, Y Li, Y Pan, Y Wang… - IEEE transactions on …, 2023 - ieeexplore.ieee.org"
Towards robust diagnosis of COVID-19 using vision self-attention transformer,"F Mehboob, A Rauf, R Jiang, AKJ Saudagar…",2022,26,"… In this paper, a self-attention transformer-based approach has been … Vision Transformer (ViT) based approach model the long-range dependency between the pixels using self-attention …",https://www.nature.com/articles/s41598-022-13039-x,Google Scholar,"F Mehboob, A Rauf, R Jiang, AKJ Saudagar… - Scientific Reports, 2022 - nature.com"
Keyword transformer: A self-attention model for keyword spotting,"A Berg, M O'Connor, MT Cruz",2021,233,"… Recent works in machine learning show that the Transformer architecture, first introduced by … Inspired by the strength of the simple Vision Transformer (ViT) model [2] in computer vision …",https://arxiv.org/abs/2104.00769,Google Scholar,"A Berg, M O'Connor, MT Cruz - arXiv preprint arXiv:2104.00769, 2021 - arxiv.org"
Fairness-aware vision transformer via debiased self-attention,"Y Qiang, C Li, P Khanduri, D Zhu",2024,20,… Vision Transformer (ViT) has recently gained significant attention in solving computer vision … need to develop our novel framework via Debiased Self-Attention (DSA). DSA is a fairness-…,https://link.springer.com/chapter/10.1007/978-3-031-72913-3_20,Google Scholar,"Y Qiang, C Li, P Khanduri, D Zhu - … Conference on Computer Vision, 2024 - Springer"
Shunted self-attention via multi-scale token aggregation,"S Ren, D Zhou, S He, J Feng…",2022,481,"… self-attention scheme, termed shunted selfattention (SSA), which explicitly allows the self-attention … demonstrate that our Shunted Transformer consistently outperform previous Vision …",http://openaccess.thecvf.com/content/CVPR2022/html/Ren_Shunted_Self-Attention_via_Multi-Scale_Token_Aggregation_CVPR_2022_paper.html,Google Scholar,"S Ren, D Zhou, S He, J Feng… - … on computer vision and …, 2022 - openaccess.thecvf.com"
A novel vision transformer with selective residual in multihead self-attention for pattern recognition,"AK Sharma, NK Verma",2025,7,"… This article presents a novel vision transformer with a selective residual in the multihead self-attention network, called Selective Residual Vision Transformer (SeReViT), for improved …",https://www.sciencedirect.com/science/article/pii/S0031320325011604,Google Scholar,"AK Sharma, NK Verma - Pattern Recognition, 2025 - Elsevier"
Synthesizer: Rethinking self-attention for transformer models,"Y Tay, D Bahri, D Metzler, DC Juan…",2021,531,… The dot product self-attention is known to be central and … self-attention mechanism on the performance of Transformer … when compared against vanilla Transformer models across a …,https://proceedings.mlr.press/v139/tay21a.html,Google Scholar,"Y Tay, D Bahri, D Metzler, DC Juan… - International …, 2021 - proceedings.mlr.press"
Vision transformer with self-attention for automated plant seedling classification,S Patel,2024,10,"… vision and image classification applications [4]. On the other hand, Vision Transformer (ViT) … In this paper, vision transformer is utilized for classification of various plant leaves at their …",https://ieeexplore.ieee.org/abstract/document/10551144/,Google Scholar,"S Patel - 2024 2nd International Conference on Advancement …, 2024 - ieeexplore.ieee.org"
Sit: Self-supervised vision transformer,"S Atito, M Awais, J Kittler",2021,196,… encoder consists of L consecutive Multi-head Self-Attention (MSA) and Multi-Layer … h selfattention heads where each head outputs a sequence of size n × d. The employed self attention …,https://arxiv.org/abs/2104.03602,Google Scholar,"S Atito, M Awais, J Kittler - arXiv preprint arXiv:2104.03602, 2021 - arxiv.org"
Regionvit: Regional-to-local attention for vision transformers,"CF Chen, R Panda, Q Fan",2021,346,"… of vision transformers, in this work, we develop a memory-friendly and efficient self-attention method for transformer models to reach their promising potential for vision applications. We …",https://arxiv.org/abs/2106.02689,Google Scholar,"CF Chen, R Panda, Q Fan - arXiv preprint arXiv:2106.02689, 2021 - arxiv.org"
Deepvit: Towards deeper vision transformer,"D Zhou, B Kang, X Jin, L Yang, X Lian, Z Jiang…",2021,932,"… This indicates that as the ViT goes deeper, the self-attention mechanism becomes less … the vision transformer to be deeper, We present a simple yet effective self-attention mechanism, …",https://arxiv.org/abs/2103.11886,Google Scholar,"D Zhou, B Kang, X Jin, L Yang, X Lian, Z Jiang… - arXiv preprint arXiv …, 2021 - arxiv.org"
Less is more: Pay less attention in vision transformers,"Z Pan, B Zhuang, H He, J Liu, J Cai",2022,152,"… vIsion Transformer (LIT), building upon the fact that the early self-attention layers in Transformers still … For the last two stages, we set Ns self-attention heads in each Transformer block. …",https://ojs.aaai.org/index.php/AAAI/article/view/20099,Google Scholar,"Z Pan, B Zhuang, H He, J Liu, J Cai - … of the AAAI conference on artificial …, 2022 - ojs.aaai.org"
Self-attention vision transformer with transfer learning for efficient crops and weeds classification,"S Sharma, M Vardhan",2023,30,… Self-Attention Vision Transformer Our approach involves using Self-Attention Vision Transformers … ViT is a neural network architecture that utilizes self-attention layers to extract intrinsic …,https://ieeexplore.ieee.org/abstract/document/10112049/,Google Scholar,"S Sharma, M Vardhan - 2023 6th International Conference on …, 2023 - ieeexplore.ieee.org"
Local self-attention in transformer for visual question answering,"X Shen, D Han, Z Guo, C Chen, J Hua, G Luo",2023,66,… proposes a novel Local Self-Attention in Transformer (LSAT) for a … the shortcomings of global self-attention (such as high … for designing end-to-end vision tasks based on Transformer. …,https://link.springer.com/article/10.1007/s10489-022-04355-w,Google Scholar,"X Shen, D Han, Z Guo, C Chen, J Hua, G Luo - Applied Intelligence, 2023 - Springer"
TripleFormer: improving transformer-based image classification method using multiple self-attention inputs,"Y Gong, P Wu, R Xu, X Zhang, T Wang…",2024,13,… We consider self-attention from a different perspective and propose channel-wise attention within windows. Previous self-attention in vision with pixels in windows gathers the …,https://search.proquest.com/openview/d8c96b9783990e1422e66f788233c348/1?pq-origsite=gscholar&cbl=2043737,Google Scholar,"Y Gong, P Wu, R Xu, X Zhang, T Wang… - The Visual …, 2024 - search.proquest.com"
Dropkey for vision transformer,"B Li, Y Hu, X Nie, C Han, X Jiang…",2023,129,"… in self-attention layer, further pushing forward the frontier of ViTs for vision tasks in a general way. Specifically, we focus on three core aspects: What to drop in self-attention layer …",http://openaccess.thecvf.com/content/CVPR2023/html/Li_DropKey_for_Vision_Transformer_CVPR_2023_paper.html,Google Scholar,"B Li, Y Hu, X Nie, C Han, X Jiang… - … on Computer Vision …, 2023 - openaccess.thecvf.com"
Mamba in speech: Towards an alternative to self-attention,"X Zhang, Q Zhang, H Liu, T Xiao, X Qian…",2025,149,"… in diverse tasks across computer vision, natural language … multi-head self-attention mechanism in Transformer, Selective … to the self-attention module in the Transformer model and its …",https://ieeexplore.ieee.org/abstract/document/10985910/,Google Scholar,"X Zhang, Q Zhang, H Liu, T Xiao, X Qian… - … on Audio, Speech …, 2025 - ieeexplore.ieee.org"
A lightweight convolution and vision transformer integrated model with multi-scale self-attention mechanism,"Y Zhang, L Wei, B Zhang, Z Liu, K Yi, S Hu",2025,6,"… Vision Transformer (ViT) has prevailed in computer vision tasks due to its strong long-range … To balance computation efficiency and performance in downstream vision tasks, we propose …",https://www.sciencedirect.com/science/article/pii/S0925231225023422,Google Scholar,"Y Zhang, L Wei, B Zhang, Z Liu, K Yi, S Hu - Neurocomputing, 2025 - Elsevier"
Covit-gan: vision transformer forcovid-19 detection in ct scan imageswith self-attention gan forDataAugmentation,"AAE Ambita, ENV Boquio, PC Naval Jr",2021,35,"… The Vision Transformer (ViT) is currently gaining popularity in computer vision circles due to its … In this study, the Vision Transformer is applied to the task of COVID-19 detection from …",https://link.springer.com/chapter/10.1007/978-3-030-86340-1_47,Google Scholar,"AAE Ambita, ENV Boquio, PC Naval Jr - International Conference on …, 2021 - Springer"
Action transformer: A self-attention model for short-time pose-based human action recognition,"V Mazzia, S Angarano, F Salvetti, F Angelini…",2022,352,"… In this work, we introduce Action Transformer (AcT), a simple, fully, self-attentional architecture that consistently outperforms more elaborated networks that mix convolutional, recurrent, …",https://www.sciencedirect.com/science/article/pii/S0031320321006634,Google Scholar,"V Mazzia, S Angarano, F Salvetti, F Angelini… - Pattern Recognition, 2022 - Elsevier"
Self-attention and transformers: Driving the evolution of large language models,"Q Luo, W Zeng, M Chen, G Peng…",2023,78,"… the self-attention mechanism and transformer architecture from a … in LLMs based on self-attention and transformers, along with their … to vision tasks emerged under the name ViT …",https://ieeexplore.ieee.org/abstract/document/10245906/,Google Scholar,"Q Luo, W Zeng, M Chen, G Peng… - 2023 IEEE 6th …, 2023 - ieeexplore.ieee.org"
Probing inter-modality: Visual parsing with self-attention for vision-and-language pre-training,"H Xue, Y Huang, B Liu, H Peng, J Fu…",2021,109,… of self-attention for visual feature learning in Vision-Language Pre-training (VLP). We explore CNN’s limitation in intra-vision modality learning by introducing fully Transformer for visual …,https://proceedings.neurips.cc/paper/2021/hash/23fa71cc32babb7b91130824466d25a5-Abstract.html,Google Scholar,"H Xue, Y Huang, B Liu, H Peng, J Fu… - Advances in Neural …, 2021 - proceedings.neurips.cc"
A survey on vision transformer,"K Han, Y Wang, H Chen, X Chen, J Guo…",2022,5576,"… We also include efficient transformer methods for pushing transformer into real device-… look at the selfattention mechanism in computer vision, as it is the base component in transformer. …",https://ieeexplore.ieee.org/abstract/document/9716741/,Google Scholar,"K Han, Y Wang, H Chen, X Chen, J Guo… - IEEE transactions on …, 2022 - ieeexplore.ieee.org"
Sclip: Rethinking self-attention for dense vision-language inference,"F Wang, J Mei, A Yuille",2024,212,… of the last transformer layer in CLIP vision encoder equipped with the original self-attention (right) and our correlative self-attention (left). Our correlative self-attention exhibits spatially …,https://link.springer.com/chapter/10.1007/978-3-031-72664-4_18,Google Scholar,"F Wang, J Mei, A Yuille - European conference on computer vision, 2024 - Springer"
Beyond self-attention: Deformable large kernel attention for medical image segmentation,"R Azad, L Niggemeier, M Hüttemann…",2024,316,"… self-attention mechanism within pure Transformer models. In this vein, Swin-Unet [13] integrates a Swin Transformer [… the Efficient Transformer [55] to address parameter issues in vision …",https://openaccess.thecvf.com/content/WACV2024/html/Azad_Beyond_Self-Attention_Deformable_Large_Kernel_Attention_for_Medical_Image_Segmentation_WACV_2024_paper.html,Google Scholar,"R Azad, L Niggemeier, M Hüttemann… - … of computer vision, 2024 - openaccess.thecvf.com"
Fswin transformer: Feature-space window attention vision transformer for image classification,"D Yoo, J Kim, J Yoo",2024,19,"… The vision transformer (ViT) with global self-attention exhibits … To address this issue, window-based self-attention ViT limits … Transformer, a representative windowbased self-attention …",https://ieeexplore.ieee.org/abstract/document/10509828/,Google Scholar,"D Yoo, J Kim, J Yoo - IEEE Access, 2024 - ieeexplore.ieee.org"
